<xml xmlns:o="urn:schemas-microsoft-com:office:office">
 <o:MainFile HRef="../Anim%20A%20Kri%20Help%20and%20How%20To.htm"/>
 <o:File HRef="image321.gif"/>
 <o:File HRef="image323.gif"/>
 <o:File HRef="image324.gif"/>
 <o:File HRef="image325.gif"/>
 <o:File HRef="image326.gif"/>
 <o:File HRef="image327.gif"/>
 <o:File HRef="image352.wmz"/>
 <o:File HRef="image349.gif"/>
 <o:File HRef="image364.gif"/>
 <o:File HRef="image366.gif"/>
 <o:File HRef="image337.png"/>
 <o:File HRef="image3371.gif"/>
 <o:File HRef="image341.png"/>
 <o:File HRef="image3411.gif"/>
 <o:File HRef="Page380.htm"/>
 <o:File HRef="image383.gif"/>
 <o:File HRef="image385.gif"/>
 <o:File HRef="image386.gif"/>
 <o:File HRef="image389.gif"/>
 <o:File HRef="image316.png"/>
 <o:File HRef="image3161.gif"/>
 <o:File HRef="image466.png"/>
 <o:File HRef="image4661.gif"/>
 <o:File HRef="image432.png"/>
 <o:File HRef="image4321.gif"/>
 <o:File HRef="image431.png"/>
 <o:File HRef="image4311.gif"/>
 <o:File HRef="image322.png"/>
 <o:File HRef="image3221.gif"/>
 <o:File HRef="image334.png"/>
 <o:File HRef="image3341.gif"/>
 <o:File HRef="image344.png"/>
 <o:File HRef="image3441.gif"/>
 <o:File HRef="image343.png"/>
 <o:File HRef="image3431.gif"/>
 <o:File HRef="image408.png"/>
 <o:File HRef="image4081.gif"/>
 <o:File HRef="image377.png"/>
 <o:File HRef="image3771.gif"/>
 <o:File HRef="Page470.htm"/>
 <o:File HRef="image479.gif"/>
 <o:File HRef="filelist.xml"/>
</xml>